iter	Passed	Remaining
0	172	172677
1	180	90063
2	188	62527
3	192	47893
4	196	39059
5	199	33110
6	203	28861
7	206	25621
8	209	23082
9	212	21022
10	215	19348
11	218	17955
12	222	16869
13	226	15922
14	229	15050
15	233	14332
16	236	13677
17	240	13107
18	243	12573
19	246	12096
20	249	11635
21	252	11238
22	255	10868
23	258	10522
24	262	10231
25	265	9940
26	269	9700
27	272	9457
28	274	9207
29	278	8989
30	282	8818
31	285	8628
32	288	8449
33	291	8273
34	294	8111
35	296	7950
36	299	7798
37	301	7644
38	304	7496
39	306	7356
40	308	7222
41	311	7096
42	313	6977
43	315	6864
44	318	6755
45	320	6649
46	322	6547
47	325	6449
48	327	6355
49	329	6266550	332	6180551	334	6102552	337	6030553	340	5963554	342	5891555	345	5827556	348	5767557	351	5704
58	353	5644559	356	5585660	357	5507661	360	5459662	363	5404663	365	5352664	368	5302665	371	5251666	373	5204667	378	5183
68	381	5143
69	385	5115
70	388	5085
71	391	5044
72	394	5013
73	397	4971
74	400	4939
75	403	4907
76	410	4922
77	415	4916
78	419	4891
79	424	4880
80	426	4836881	430	4818882	434	4799883	437	4775884	441	4749885	444	4724886	447	4695887	450	4672888	455	4658889	460	4659990	464	4637991	468	4623992	471	4600993	476	4590994	481	4589995	485	4569996	487	4539997	491	4523
98	495	4512
99	499	4494
100	503	4483
101	507	4467
102	511	4455
103	514	4436
104	521	4448
105	526	4437
106	531	4437
107	536	4428
108	539	4410
109	544	4401
110	548	4394
111	553	4391
112	560	4396
113	563	4382
114	569	4383
115	574	4377
116	578	4366
117	583	4360
118	588	4357
119	592	4345
120	595	4323
121	598	4305
122	601	4285
123	603	4266
124	606	4248
125	609	4229
126	613	4216
127	616	4197
128	621	4196
129	625	4188
130	629	4178
131	634	4174
132	640	4172
133	643	4156
134	647	4146
135	650	4131
136	653	4117
137	657	4104
138	660	4093
139	663	4078
140	667	4064
141	670	4050
142	674	4041
143	677	4025
144	680	4010
145	683	3997
146	686	3983
147	689	3969
148	691	3952
149	695	3943
150	700	3936
151	703	3922
152	705	3907
153	708	3893
154	711	3879
155	714	3867
156	718	3857
157	721	3846
158	724	3834
159	728	3822
160	730	3808
161	733	3796
162	737	3784
163	740	3773
164	743	3761
165	746	3748
166	749	3737
167	751	3722
168	754	3712
169	757	3700
170	760	3686
171	762	3672
172	766	3662
173	769	3651
174	771	3639
175	775	3631
176	780	3628
177	783	3617
178	787	3614
179	791	3605
180	793	3590
181	796	3579
182	799	3568
183	801	3556
184	805	3546
185	807	3535
186	810	3524
187	814	3516
188	817	3507
189	820	3497
190	824	3493
191	828	3487
192	833	3484
193	837	3478
194	840	3469
195	843	3461
196	847	3453
197	849	3442
198	852	3431
199	855	3422
200	858	3414
201	859	3395
202	862	3386
203	865	3378
204	869	3372
205	872	3362
206	874	3351
207	877	3342
208	882	3341
209	884	3325
210	886	3316
211	891	3315
212	895	3307
213	898	3299
214	901	3290
215	904	3281
216	907	3273
217	908	3260
218	913	3257
219	916	3249
220	919	3240
221	922	3231
222	924	3222
223	927	3213
224	931	3209
225	935	3204
226	938	3196
227	941	3188
228	944	3180
229	948	3175
230	952	3169
231	956	3166
232	959	3158
233	963	3153
234	966	3145
235	968	3136
236	972	3129
237	974	3121
238	978	3115
239	982	3110
240	986	3105
241	988	3097
242	992	3091
243	995	3084
244	998	3076
245	1000	3068
246	1003	30602247	1006	30532248	1010	3047
249	1013	3040
250	1017	3035
251	1021	3030
252	1024	3024
253	1027	3017
254	1031	3012
255	1036	3011
256	1041	3010
257	1046	3008
258	1049	3002
259	1055	3004
260	1059	2998
261	1064	2997
262	1069	2996
263	1073	2992
264	1077	2988
265	1082	2987
266	1087	2986
267	1094	2989
268	1101	2992
269	1105	2990
270	1109	2983
271	1112	2976
272	1118	2977
273	1125	2981
274	1134	2990
275	1141	2993
276	1147	2995
277	1153	2996
278	1158	2992
279	1165	2997
280	1171	2998
281	1177	2997
282	1181	2993
283	1184	2987
284	1188	2980
285	1191	2974
286	1195	2969
287	1198	2963
288	1201	2955
289	1204	2948
290	1206	2940
291	1210	2935
292	1213	2928
293	1216	2921
294	1219	2914
295	1224	2911
296	1228	2908
297	1232	2903
298	1235	2897
299	1238	2889
300	1241	2883
301	1244	2876
302	1248	2871
303	1251	2865
304	1255	2860
305	1258	2853
306	1261	2846
307	1264	2841
308	1267	2833
309	1270	2828
310	1273	2820
311	1275	2813
312	1278	2806
313	1281	2800
314	1284	2793
315	1287	2786
316	1290	2780
317	1292	2773
318	1295	2766
319	1298	2759
320	1301	2752
321	1304	2746
322	1307	2740
323	1311	2735
324	1316	2733
325	1320	2729
326	1324	2726
327	1328	2722
328	1333	2719
329	1338	2717
330	1342	2713
331	1346	2709
332	1350	2704
333	1353	2698
334	1357	2694
335	1361	2691
336	1365	2686
337	1369	2681
338	1373	2678
339	1377	2674
340	1382	2671
341	1389	2673
342	1394	2671
343	1399	2668
344	1403	2664
345	1408	2661
346	1410	2654
347	1413	2647
348	1416	2642
349	1420	2637
350	1423	2632
351	1427	2627
352	1431	2623
353	1434	2616
354	1437	2611
355	1440	2605
356	1443	2599
357	1446	2594
358	1450	2589
359	1453	2583
360	1456	2578
361	1459	2571
362	1462	2566
363	1465	2560
364	1468	2555
365	1471	2549
366	1474	2543
367	1478	2538
368	1481	2532
369	1484	2527
370	1488	2523
371	1491	2517
372	1494	2511
373	1496	2505
374	1499	2499
375	1504	2496
376	1507	2490
377	1509	2484
378	1512	2477
379	1514	2471
380	1517	2465
381	1520	2460
382	1523	2454
383	1526	2448
384	1529	2443
385	1532	2437
386	1535	2432
387	1538	2427
388	1542	2422
389	1545	2418
390	1548	2412
391	1551	2406
392	1554	2400
393	1557	2395
394	1561	2391
395	1564	2385
396	1567	2380
397	1571	2376
398	1574	2371
399	1577	2366
400	1581	2362
401	1584	2356
402	1586	2350
403	1589	2345
404	1592	2339
405	1595	2334
406	1601	2332
407	1605	2329
408	1608	2324
409	1612	2320
410	1615	2315
411	1619	2311
412	1623	2307
413	1627	2302
414	1630	2298
415	1634	2294
416	1638	2290
417	1642	2286
418	1646	2282
419	1649	2278
420	1652	2272
421	1655	2266
422	1657	2261
423	1660	2256
424	1664	2251
425	1667	2246
426	1670	2241
427	1673	2236
428	1676	2230
429	1678	2225
430	1682	2220
431	1684	2215
432	1687	2209
433	1690	2204
434	1693	2199
435	1696	2193
436	1698	2188
437	1702	2184
438	1706	2180
439	1709	2176
440	1712	2171
441	1716	2166
442	1718	2161
443	1721	2155
444	1724	2150
445	1727	2145
446	1729	2140
447	1734	2136
448	1737	2131
449	1741	2128
450	1743	2122
451	1746	2117
452	1749	2112
453	1752	2107
454	1755	2102
455	1758	2097
456	1761	2092
457	1764	2087
458	1768	2084
459	1770	2078
460	1774	2075
461	1778	2071
462	1781	2066
463	1784	2061
464	1787	2056
465	1790	2051
466	1794	2048
467	1798	2044
468	1800	2039
469	1804	2034
470	1807	2030
471	1810	2025
472	1813	2020
473	1816	2016
474	1820	2011
475	1823	2006
476	1825	2001
477	1829	1998
478	1833	1993
479	1835	1988
480	1839	1985
481	1842	1980
482	1847	1977
483	1849	1972
484	1852	1967
485	1855	1962
486	1858	1958
487	1862	1954
488	1866	1950
489	1870	1946
490	1873	1941
491	1877	1938
492	1880	1933
493	1883	1929
494	1887	1925
495	1890	1920
496	1893	1916
497	1896	1911
498	1899	1907
499	1902	1902
500	1905	1897
501	1908	1893
502	1911	1888
503	1914	1884
504	1917	1879
505	1920	1874
506	1923	1870
507	1926	1866
508	1935	1867
509	1942	1866
510	1950	1866
511	1955	1863
512	1960	1860
513	1964	1857
514	1967	1853
515	1971	1849
516	1974	1844
517	1976	1839
518	1979	1834
519	1983	1831
520	1988	1828
521	1991	1823
522	1993	1818
523	1996	1813
524	1999	1809
525	2002	1804
526	2006	1801
527	2009	1796
528	2013	1792
529	2016	1788
530	2020	1784
531	2024	1780
532	2027	1776
533	2029	1771
534	2034	1768
535	2036	1763
536	2039	1758
537	2041	1753
538	2043	1748
539	2045	1742
540	2048	1737
541	2050	1732
542	2053	1727
543	2055	1722
544	2057	1717
545	2059	17125546	2062	17075547	2064	17025548	2066	16975549	2068	16925550	2071	16875551	2073	16825552	2075	16775553	2077	1672554	2084	1671
555	2086	1666
556	2089	1661
557	2091	1657
558	2094	1652
559	2097	1647
560	2100	1643
561	2102	1638
562	2105	1634
563	2108	1629
564	2110	1625
565	2113	1620
566	2116	1615
567	2118	1611
568	2121	1606
569	2123	1602
570	2126	1597
571	2128	1593
572	2132	1588
573	2134	1584
574	2137	1579
575	2139	1575
576	2142	1570
577	2144	1566
578	2147	1561
579	2150	1557
580	2153	1552
581	2155	1548
582	2158	1543
583	2160	1539
584	2163	1534
585	2165	1530
586	2168	1525
587	2170	1520
588	2173	1516
589	2175	1511
590	2178	1507
591	2181	1503
592	2184	1499
593	2186	1494
594	2189	1490
595	2191	1485
596	2194	1481
597	2197	1477
598	2201	1474
599	2204	1469
600	2206	1465
601	2209	1460
602	2212	1456
603	2215	1452
604	2218	1448
605	2221	1444
606	2223	1439
607	2226	1435
608	2229	1431
609	2232	1427
610	2235	1422
611	2237	1418
612	2240	1414
613	2242	1409
614	2245	1405
615	2248	1401
616	2250	1397
617	2253	1392
618	2255	1388
619	2258	1384
620	2262	1380
621	2264	1376
622	2267	1372
623	2270	1367
624	2272	1363
625	2276	1359
626	2278	1355
627	2281	1351
628	2284	1347
629	2286	1342
630	2289	1338
631	2292	1334
632	2294	1330
633	2297	1326
634	2299	1321
635	2302	1317
636	2304	1313
637	2307	1309
638	2310	1305
639	2313	1301
640	2316	1297
641	2319	1293
642	2322	1289
643	2325	1285
644	2327	1281
645	2330	1276
646	2333	1272
647	2336	1268
648	2339	1265
649	2342	1261
650	2344	1257
651	2347	1252
652	2350	1248
653	2352	1244
654	2356	1241
655	2358	1236
656	2361	1232
657	2364	1228
658	2366	1224
659	2369	1220
660	2372	1216
661	2375	1212
662	2377	1208
663	2380	1204
664	2383	1200
665	2386	1196
666	2388	1192
667	2391	1188
668	2394	1184
669	2397	1180
670	2400	1176
671	2402	1172
672	2405	1168
673	2407	1164
674	2410	1160
675	2413	1156
676	2415	1152
677	2419	1149
678	2421	1144
679	2424	1140
680	2426	1136
681	2429	1132
682	2431	1128
683	2434	1124
684	2437	1120
685	2439	1116
686	2441	1112
687	2444	1108
688	2447	1104
689	2450	1100
690	2455	1097
691	2457	1093
692	2460	1089
693	2462	1085
694	2465	1081
695	2467	1077
696	2470	1073
697	2472	1069
698	2475	1065
699	2477	1061
700	2480	1057
701	2484	1054
702	2486	1050
703	2489	1046
704	2492	1042
705	2494	1038
706	2497	1034
707	2500	1031
708	2503	1027
709	2505	1023
710	2508	1019
711	2510	1015
712	2513	1011
713	2516	1007
714	2518	1003
715	2521	1000
716	2523	996
717	2526	992
718	2529	988
719	2532	984
720	2534	980
721	2537	976
722	2539	973
723	2542	969
724	2545	965
725	2548	961
726	2550	957
727	2553	954
728	2556	950
729	2559	946
730	2562	943
731	2565	939
732	2567	935
733	2570	931
734	2574	928
735	2578	924
736	2580	920
737	2583	917
738	2586	913
739	2588	909
740	2591	905
741	2594	902
742	2597	898
743	2600	894
744	2603	891
745	2606	887
746	2609	883
747	2612	880
748	2615	876
749	2618	872
750	2620	868
751	2623	865
752	2626	861
753	2628	857
754	2631	853
755	2633	850
756	2636	846
757	2639	842
758	2643	839
759	2645	835
760	2647	831
761	2650	827
762	2653	824
763	2655	820
764	2659	816
765	2661	813
766	2664	809
767	2666	805
768	2669	801
769	2671	798
770	2675	794
771	2678	790
772	2680	787
773	2683	783
774	2685	779
775	2688	776
776	2691	772
777	2693	768
778	2696	764
779	2699	761
780	2701	757
781	2704	753
782	2708	750
783	2711	746
784	2713	743
785	2716	739
786	2719	735
787	2722	732
788	2726	729
789	2728	725
790	2731	721
791	2733	717
792	2736	714
793	2739	710
794	2741	707
795	2744	703
796	2747	699
797	2749	696
798	2752	692
799	2754	688
800	2757	685
801	2759	681
802	2762	677
803	2765	674
804	2767	670
805	2770	666
806	2773	663
807	2775	659
808	2778	655
809	2781	652
810	2783	648
811	2786	645
812	2788	641
813	2791	637
814	2793	634
815	2796	630
816	2799	626
817	2801	623
818	2804	619
819	2806	616
820	2809	612
821	2811	608
822	2814	605
823	2816	601
824	2819	598
825	2822	594
826	2824	590
827	2828	587
828	2830	583
829	2833	580
830	2836	576
831	2839	573
832	2841	569
833	2844	566
834	2847	562
835	2849	559
836	2852	555
837	2856	552
838	2860	548
839	2862	545
840	2864	541
841	2867	538
842	2870	534
843	2873	531
844	2875	527
845	2878	523
846	2880	520
847	2882	516
848	2885	513
849	2887	509
850	2890	506
851	2892	502
852	2895	498
853	2898	495
854	2900	491
855	2903	488
856	2905	484
857	2908	481
858	2910	477
859	2913	474
860	2915	470
861	2918	467
862	2921	463
863	2923	460
864	2926	456
865	2928	453
866	2932	449
867	2934	446
868	2937	442
869	2940	439
870	2942	435
871	2945	432
872	2947	428
873	2950	425
874	2953	421
875	2955	418
876	2958	414
877	2961	411
878	2963	407
879	2966	404
880	2968	401
881	2971	397
882	2974	394
883	2976	390
884	2979	387
885	2981	383
886	2984	380
887	2986	376
888	2989	373
889	2991	369
890	2994	366
891	2997	362
892	2999	359
893	3002	355
894	3007	352
895	3009	349
896	3012	345
897	3014	342
898	3017	339
899	3020	335
900	3022	332
901	3025	328
902	3027	325
903	3030	321
904	3033	318
905	3036	314
906	3038	311
907	3041	308
908	3043	304
909	3046	301
910	3049	297
911	3051	294
912	3054	291
913	3057	287
914	3059	284
915	3062	280
916	3065	277
917	3067	274
918	3070	270
919	3072	267
920	3075	263
921	3077	260
922	3080	257
923	3083	253
924	3086	250
925	3089	246
926	3091	243
927	3094	240
928	3097	236
929	3099	233
930	3102	229
931	3105	226
932	3108	223
933	3110	219
934	3113	216
935	3116	213
936	3120	209
937	3123	206
938	3126	203
939	3130	199
940	3133	196
941	3137	193
942	3141	189
943	3144	186
944	3147	183
945	3150	179
946	3154	176
947	3156	173
948	3159	169
949	3162	166
950	3164	163
951	3167	159
952	3169	156
953	3172	152
954	3174	149
955	3177	146
956	3180	142
957	3182	139
958	3185	136
959	3188	132
960	3192	129
961	3196	126
962	3204	123
963	3206	119
964	3208	116
965	3211	113
966	3214	109
967	3221	106
968	3223	103
969	3226	99
970	3229	96
971	3231	93
972	3234	89
973	3236	86
974	3239	83
975	3242	79
976	3244	76
977	3246	73
978	3249	69
979	3252	66
980	3254	63
981	3257	59
982	3259	56
983	3262	53
984	3264	49
985	3267	46
986	3269	43
987	3272	39
988	3274	36
989	3276	33
990	3279	29
991	3281	26
992	3284	23
993	3286	19
994	3289	16
995	3291	13
996	3294	9
997	3296	6
998	3299	3
999	3301	0
